blas_backend,construction_mean_sec,construction_median_sec,construction_p95_sec,construction_q25_sec,construction_q75_sec,construction_samples_json,construction_std_sec,edge_count,edge_factor,environment_label,inspect_mean_sec,inspect_median_sec,inspect_p95_sec,inspect_q25_sec,inspect_q75_sec,inspect_samples_json,inspect_std_sec,mkl_num_threads,numpy_version,omp_num_threads,openblas_num_threads,peak_memory_bytes,platform_machine,platform_release,platform_system,python_implementation,python_version,relax_mean_sec,relax_mean_sec_per_step,relax_median_sec,relax_median_sec_per_step,relax_p95_sec,relax_q25_sec,relax_q75_sec,relax_samples_json,relax_std_sec,relaxation_steps,repeats,size,warmups
scipy-openblas,0.0002259714196303061,0.00020079989917576313,0.00032477995846420517,0.00017755001317709684,0.0002507499884814024,"[0.0001680001150816679,0.00035639991983771324,0.00025049992837011814,0.00020079989917576313,0.00017570005729794502,0.00017939996905624866,0.00025100004859268665]",6.699510075057354e-05,16,1,windows_python_3_12_local,0.0006766143321458783,0.00066990009509027,0.0010125300381332632,0.0005024001002311707,0.000714350026100874,"[0.0007193000055849552,0.0011382000520825386,0.00066990009509027,0.0004970000591129065,0.0005078001413494349,0.0004946999251842499,0.0007094000466167927]",0.00022725015481132304,unspecified,2.2.4,unspecified,unspecified,21203,AMD64,10,Windows,CPython,3.12.1,0.016791557094880512,0.0008395778547440255,0.016916600055992603,0.0008458300027996302,0.018453999981284143,0.01609569985885173,0.017917099874466658,"[0.016916600055992603,0.017456499859690666,0.015963499899953604,0.016227899817749858,0.01837769988924265,0.014112000120803714,0.018486700020730495]",0.0015291913411571159,20,7,16,2
scipy-openblas,0.0004854714497923851,0.0004171000327914953,0.0006599699379876256,0.0003780500264838338,0.0005979499546810985,"[0.0005584000609815121,0.0004171000327914953,0.00038430001586675644,0.00037180003710091114,0.0006695999763906002,0.0003596001770347357,0.0006374998483806849]",0.00013292203710490771,64,4,windows_python_3_12_local,0.0011165285749094827,0.0009528999216854572,0.0014881300274282693,0.0008672000840306282,0.0014015500200912356,"[0.0013309998903423548,0.0008847001008689404,0.0008302999194711447,0.0008497000671923161,0.0014721001498401165,0.0009528999216854572,0.0014949999749660492]",0.00030257582078971524,unspecified,2.2.4,unspecified,unspecified,28523,AMD64,10,Windows,CPython,3.12.1,0.02606938569806516,0.0013034692849032581,0.02494239993393421,0.0012471199966967105,0.03197256997227669,0.022701350040733814,0.02874425007030368,"[0.03207909991033375,0.022699099965393543,0.022572999820113182,0.022703600116074085,0.02494239993393421,0.0317240001168102,0.025764500023797154]",0.0041706601003534405,20,7,16,2
scipy-openblas,0.0009130999512438263,0.0007958998903632164,0.0012302299728617072,0.0007400999311357737,0.0011184999020770192,"[0.0010241998825222254,0.0012376999948173761,0.001212799921631813,0.0007958998903632164,0.0007589999586343765,0.000640900107100606,0.0007211999036371708]",0.00024356022550362392,120,16,windows_python_3_12_local,0.0022390713981751886,0.002322399988770485,0.002635109843686223,0.00200159999076277,0.0025243499549105763,"[0.002637599827721715,0.002629299880936742,0.002419400028884411,0.0016616000793874264,0.0018113001715391874,0.002322399988770485,0.002191899809986353]",0.0003806248704590189,unspecified,2.2.4,unspecified,unspecified,36691,AMD64,10,Windows,CPython,3.12.1,0.04318291427833693,0.0021591457139168465,0.04302669991739094,0.002151334995869547,0.047786720027215776,0.03971549996640533,0.04644570010714233,"[0.04302669991739094,0.03911069990135729,0.04755040002055466,0.04534100019373,0.04032030003145337,0.04788800003007054,0.03904329985380173]",0.0038255369824985747,20,7,16,2
scipy-openblas,0.00048277141260249276,0.00047229998745024204,0.0006100599421188235,0.00040170003194361925,0.0005494499346241355,"[0.0005744998343288898,0.0006252999883145094,0.00047229998745024204,0.00037949997931718826,0.00039849989116191864,0.0005244000349193811,0.00040490017272531986]",9.5220533015339e-05,64,1,windows_python_3_12_local,0.0019105857105127402,0.0019359001889824867,0.0021529399324208497,0.0017655499977990985,0.0019771999213844538,"[0.002211499959230423,0.002016299869865179,0.0017752000130712986,0.0017558999825268984,0.0017411999870091677,0.0019359001889824867,0.0019380999729037285]",0.0001703287071444896,unspecified,2.2.4,unspecified,unspecified,41587,AMD64,10,Windows,CPython,3.12.1,0.056218914255233746,0.0028109457127616874,0.056048400001600385,0.0028024200000800192,0.0634358400478959,0.051764799864031374,0.059732900001108646,"[0.056048400001600385,0.06368310004472733,0.06285890005528927,0.056606899946928024,0.05233119986951351,0.05080550001002848,0.05119839985854924]",0.005316766415079631,20,7,64,2
scipy-openblas,0.0017492285530482019,0.001657899934798479,0.0022400300484150646,0.0014958999818190932,0.002036549965851009,"[0.0020973000209778547,0.0014755998272448778,0.001657899934798479,0.001975799910724163,0.0012205999810248613,0.002301200060173869,0.0015162001363933086]",0.000386032139812367,256,4,windows_python_3_12_local,0.00389694282785058,0.0034239001106470823,0.005423569935373962,0.003333049942739308,0.004236500011757016,"[0.005011199973523617,0.0034239001106470823,0.0034618000499904156,0.003418899839743972,0.003247200045734644,0.00560029991902411,0.003115299856290221]",0.0009846970373789308,unspecified,2.2.4,unspecified,unspecified,71123,AMD64,10,Windows,CPython,3.12.1,0.10927654283919505,0.005463827141959752,0.10816129995509982,0.005408064997754991,0.12638495999854057,0.10066660004667938,0.11754749994724989,"[0.125020100036636,0.12696989998221397,0.11007489985786378,0.09753300016745925,0.10816129995509982,0.1038001999258995,0.093376399949193]",0.012803067932782495,20,7,64,2
scipy-openblas,0.005955714333270278,0.005469700088724494,0.007797460071742535,0.0050290500512346625,0.007018550066277385,"[0.00427879998460412,0.00459760008379817,0.006353599950671196,0.007846300024539232,0.0076835001818835735,0.005469700088724494,0.005460500018671155]",0.0014056928463632389,1024,16,windows_python_3_12_local,0.010787714305999023,0.011178500019013882,0.013025959976948798,0.009207250084728003,0.012233500019647181,"[0.011178500019013882,0.011493399972096086,0.008739700075238943,0.012973600067198277,0.01304839993827045,0.009674800094217062,0.008405599975958467]",0.0018994258270755631,unspecified,2.2.4,unspecified,unspecified,193283,AMD64,10,Windows,CPython,3.12.1,0.24649728565210743,0.012324864282605371,0.24840379995293915,0.012420189997646958,0.26708858986385164,0.23892744991462678,0.25460504996590316,"[0.2372007998637855,0.2543754999060184,0.25483460002578795,0.2723402997944504,0.24840379995293915,0.24065409996546805,0.21767190005630255]",0.017100407252775077,20,7,64,2
scipy-openblas,0.0014792286258723056,0.0013955000322312117,0.0019383901264518495,0.0013219999382272363,0.0015024500899016857,"[0.0013955000322312117,0.0013816999271512032,0.0012255001347512007,0.0012622999493032694,0.0014079001266509295,0.002084700157865882,0.001597000053152442]",0.0002925497571158781,256,1,windows_python_3_12_local,0.00721857141304229,0.006740600103512406,0.009563580038957296,0.006417050026357174,0.007229149923659861,"[0.010509900050237775,0.007355500012636185,0.0071027998346835375,0.0063189000356942415,0.006515200017020106,0.006740600103512406,0.005987099837511778]",0.0015228326357920598,unspecified,2.2.4,unspecified,unspecified,127699,AMD64,10,Windows,CPython,3.12.1,0.1907345143013767,0.009536725715068835,0.18799100001342595,0.009399550000671298,0.20582185997627675,0.1839203000999987,0.19739029998891056,"[0.18799100001342595,0.1872418001294136,0.17849069996736944,0.18059880007058382,0.2053159000352025,0.20603869995102286,0.1894646999426186]",0.01096066415393644,20,7,256,2
scipy-openblas,0.005685785685532859,0.004947900073602796,0.008252089889720081,0.004734850022941828,0.00621884991414845,"[0.004323899978771806,0.0073905999306589365,0.004947900073602796,0.004575799917802215,0.004893900128081441,0.005047099897637963,0.008621299872174859]",0.0016426560646941259,1024,4,windows_python_3_12_local,0.015592642926744052,0.01632590009830892,0.01802379002328962,0.013848350034095347,0.01740610005799681,"[0.018207899993285537,0.01632590009830892,0.012242699973285198,0.01721800002269447,0.015454000094905496,0.012105800211429596,0.01759420009329915]",0.002497487541900235,unspecified,2.2.4,unspecified,unspecified,249571,AMD64,10,Windows,CPython,3.12.1,0.3928574142378888,0.01964287071189444,0.40141239995136857,0.02007061999756843,0.429938460001722,0.3653426000382751,0.41206299990881234,"[0.40141239995136857,0.4152546999976039,0.3672061001416296,0.3575467998161912,0.36347909993492067,0.43623150000348687,0.4088712998200208]",0.03022277506116312,20,7,256,2
scipy-openblas,0.02442392856547875,0.02372589986771345,0.0310081600677222,0.02222849999088794,0.025996900047175586,"[0.02372589986771345,0.020922699943184853,0.03233380010351539,0.018456999910995364,0.023534300038591027,0.02791499998420477,0.024078800110146403]",0.004546322386676752,4096,16,windows_python_3_12_local,0.04290270003756242,0.0416233001742512,0.05024069994688033,0.04009845003020018,0.04328380001243204,"[0.04034690000116825,0.04330229992046952,0.039850000059232116,0.038716800045222044,0.0416233001742512,0.05321429995819926,0.043265300104394555]",0.004858497119103293,unspecified,2.2.4,unspecified,unspecified,1211803,AMD64,10,Windows,CPython,3.12.1,0.9858568570842701,0.0492928428542135,0.9628103000577539,0.0481405150028877,1.0814584298990666,0.9454912499058992,1.0335775499697775,"[0.9369997999165207,0.9539826998952776,0.8963725999929011,0.9628103000577539,1.0762806001584977,1.083677499787882,0.9908744997810572]",0.07037051723828934,20,7,256,2
